season,week,home_team,away_team,home_score,away_score,home_pass_yds,away_pass_yds,home_rush_yds,away_rush_yds,home_giveaways,away_giveaways,neutral
2024,1,BUF,ARI,34,28,222,146,130,124,1,1,0
2024,1,KC,BAL,27,20,281,267,72,185,1,1,0
2024,1,NO,CAR,47,10,199,135,180,58,0,4,0
2024,1,CLE,DAL,17,33,137,163,93,102,2,0,0
2024,1,SEA,DEN,26,20,158,132,146,99,1,4,0
2024,1,PHI,GB,34,29,266,251,144,163,3,1,0
2024,1,IND,HOU,27,29,199,204,104,213,1,0,0
2024,1,MIA,JAX,20,17,319,139,81,128,0,1,0
2024,1,DET,LA,26,20,200,304,163,83,1,1,0
2024,1,LAC,LV,22,10,140,225,176,71,0,3,0
2024,1,NYG,MIN,6,28,166,201,74,111,2,2,0
2024,1,CIN,NE,10,16,154,120,70,170,1,1,0
2024,1,SF,NYJ,32,19,221,198,180,68,0,2,0
2024,1,ATL,PIT,10,18,137,133,89,137,3,0,0
2024,1,CHI,TEN,24,17,64,104,84,140,1,3,0
2024,1,TB,WAS,37,20,280,161,112,138,0,0,0
2024,2,PHI,ATL,21,22,179,233,186,152,1,0,0
2024,2,MIA,BUF,10,31,212,139,139,108,3,0,0
2024,2,HOU,CHI,19,13,235,134,75,71,1,2,0
2024,2,KC,CIN,26,25,137,246,149,74,3,1,0
2024,2,JAX,CLE,13,18,196,172,127,125,0,0,0
2024,2,GB,IND,16,10,122,198,261,140,1,3,0
2024,2,CAR,LAC,3,26,69,130,90,219,1,2,0
2024,2,ARI,LA,41,10,258,192,231,53,1,1,0
2024,2,BAL,LV,23,26,232,233,146,27,1,1,0
2024,2,DAL,NO,19,44,285,242,68,190,2,1,0
2024,2,WAS,NYG,21,18,210,175,215,129,0,1,0
2024,2,TEN,NYJ,17,24,170,164,130,101,2,0,0
2024,2,DEN,PIT,6,13,231,110,64,141,2,0,0
2024,2,NE,SEA,20,23,125,312,185,46,0,0,0
2024,2,MIN,SF,23,17,257,294,146,102,2,2,0
2024,2,DET,TB,16,20,324,146,139,70,2,1,0
2024,3,DAL,BAL,25,28,361,182,51,274,1,0,0
2024,3,LV,CAR,22,36,276,306,55,131,1,0,0
2024,3,IND,CHI,21,16,156,332,150,63,2,3,0
2024,3,TB,DEN,7,26,132,216,91,136,2,1,0
2024,3,ARI,DET,13,20,200,186,77,187,1,1,0
2024,3,TEN,GB,14,30,204,190,33,188,3,0,0
2024,3,MIN,HOU,34,7,156,258,118,38,0,2,0
2024,3,BUF,JAX,47,10,266,147,122,92,0,2,0
2024,3,ATL,KC,17,22,229,217,82,128,1,1,0
2024,3,PIT,LAC,20,10,232,105,114,61,1,0,0
2024,3,SEA,MIA,24,3,270,140,100,65,2,0,0
2024,3,NYJ,NE,24,3,267,61,133,78,0,1,0
2024,3,CLE,NYG,15,21,148,228,69,112,2,2,0
2024,3,NO,PHI,12,15,130,288,89,172,1,2,0
2024,3,LA,SF,27,24,198,288,98,137,0,1,0
2024,3,CIN,WAS,33,38,312,248,124,108,0,0,0
2024,4,BAL,BUF,35,10,156,155,271,81,1,1,0
2024,4,CAR,CIN,24,34,220,232,155,141,1,1,0
2024,4,LV,CLE,20,16,116,149,152,92,1,1,0
2024,4,NYG,DAL,15,20,277,213,26,80,1,0,0
2024,4,NYJ,DEN,9,10,184,60,64,126,1,1,0
2024,4,HOU,JAX,24,20,334,155,101,158,0,1,0
2024,4,LAC,KC,10,17,169,228,55,101,0,2,0
2024,4,CHI,LA,24,18,133,203,131,119,0,2,0
2024,4,GB,MIN,29,31,379,254,86,120,5,2,0
2024,4,SF,NE,30,13,283,143,148,73,2,3,0
2024,4,ATL,NO,26,24,227,235,88,131,2,1,0
2024,4,TB,PHI,33,16,334,114,111,113,1,1,0
2024,4,IND,PIT,27,24,225,282,133,122,0,2,0
2024,4,DET,SEA,42,29,273,383,116,133,0,2,0
2024,4,MIA,TEN,12,31,78,102,106,142,1,1,0
2024,4,ARI,WAS,14,42,115,233,181,216,1,1,0
2024,5,SF,ARI,23,24,231,189,153,169,3,1,0
2024,5,CIN,BAL,38,41,371,345,71,175,1,1,0
2024,5,HOU,BUF,23,20,331,126,94,150,2,0,0
2024,5,CHI,CAR,36,10,296,172,128,120,0,3,0
2024,5,WAS,CLE,34,13,219,108,215,104,2,1,0
2024,5,PIT,DAL,17,20,134,336,92,109,1,3,0
2024,5,LA,GB,19,24,236,202,134,126,2,1,0
2024,5,JAX,IND,37,34,371,348,126,99,2,1,0
2024,5,DEN,LV,34,18,180,215,109,115,0,3,0
2024,5,NE,MIA,10,15,148,179,151,193,0,2,0
2024,5,KC,NO,26,13,321,174,139,46,1,1,0
2024,5,SEA,NYG,20,29,231,245,102,175,1,1,0
2024,5,MIN,NYJ,23,17,171,218,82,36,2,3,0
2024,5,ATL,TB,36,30,477,173,73,160,1,1,0
2024,6,GB,ARI,34,13,258,214,179,89,1,3,0
2024,6,CAR,ATL,20,38,221,225,114,198,2,1,0
2024,6,NYJ,BUF,20,23,272,210,121,149,1,0,0
2024,6,NYG,CIN,7,17,190,183,119,121,1,1,0
2024,6,PHI,CLE,20,16,256,144,116,100,0,0,0
2024,6,DAL,DET,9,47,198,308,53,184,5,0,0
2024,6,NE,HOU,21,41,209,176,82,192,4,1,0
2024,6,TEN,IND,17,20,95,189,146,80,1,1,0
2024,6,CHI,JAX,35,16,221,210,152,68,1,2,0
2024,6,DEN,LAC,16,23,206,222,110,128,2,0,0
2024,6,LV,PIT,13,32,218,110,57,183,3,0,0
2024,6,SEA,SF,24,36,306,255,52,228,3,0,0
2024,6,NO,TB,27,51,222,317,81,277,3,3,0
2024,6,BAL,WAS,30,23,308,253,176,52,1,0,0
2024,7,TB,BAL,31,41,356,264,125,244,2,1,0
2024,7,WAS,CAR,40,7,207,85,213,95,0,2,0
2024,7,CLE,CIN,14,21,259,164,77,59,2,0,0
2024,7,NO,DEN,10,33,174,164,97,225,2,1,0
2024,7,MIN,DET,29,31,244,247,139,144,1,1,0
2024,7,GB,HOU,24,22,195,55,82,142,2,1,0
2024,7,SF,KC,18,28,209,145,101,184,3,2,0
2024,7,ARI,LAC,17,15,145,336,181,59,2,1,0
2024,7,LA,LV,20,15,144,195,115,122,1,4,0
2024,7,IND,MIA,16,10,129,149,155,188,1,2,0
2024,7,JAX,NE,32,16,193,257,171,38,0,0,0
2024,7,PIT,NYJ,37,15,260,269,149,54,0,2,0
2024,7,NYG,PHI,3,28,43,70,76,269,0,0,0
2024,7,ATL,SEA,14,34,214,236,155,103,3,0,0
2024,7,BUF,TEN,34,10,315,200,74,89,0,2,0
2024,8,MIA,ARI,27,28,227,307,150,82,0,0,0
2024,8,TB,ATL,26,31,330,265,102,129,3,0,0
2024,8,CLE,BAL,29,24,321,263,80,124,1,0,0
2024,8,SEA,BUF,10,31,201,281,32,164,1,2,0
2024,8,DEN,CAR,28,14,298,215,102,69,2,2,0
2024,8,WAS,CHI,18,15,313,105,168,202,0,1,0
2024,8,SF,DAL,30,24,246,236,223,56,0,2,0
2024,8,JAX,GB,27,30,299,252,91,170,2,1,0
2024,8,HOU,IND,23,20,267,140,96,150,1,2,0
2024,8,LV,KC,20,27,195,252,33,82,1,1,0
2024,8,LA,MIN,30,20,279,212,107,64,1,0,0
2024,8,LAC,NO,26,8,256,249,122,117,0,0,0
2024,8,PIT,NYG,26,18,259,237,167,157,1,2,0
2024,8,NE,NYJ,25,22,136,224,112,112,0,0,0
2024,8,CIN,PHI,17,37,222,236,58,161,2,0,0
2024,8,DET,TEN,52,14,61,258,164,158,0,4,0
2024,9,ARI,CHI,29,9,137,172,213,69,2,0,0
2024,9,ATL,DAL,27,21,210,241,100,137,1,0,0
2024,9,BAL,DEN,41,10,269,197,127,122,0,1,0
2024,9,GB,DET,14,24,273,137,138,124,1,0,0
2024,9,NYJ,HOU,21,13,193,135,100,187,1,1,0
2024,9,MIN,IND,21,13,282,159,133,68,3,2,0
2024,9,PHI,JAX,28,23,210,155,237,60,2,2,0
2024,9,CLE,LAC,10,27,213,246,79,96,3,0,0
2024,9,SEA,LA,20,26,317,298,107,68,3,1,0
2024,9,CIN,LV,41,24,243,157,130,60,1,2,0
2024,9,BUF,MIA,30,27,231,224,94,149,1,1,0
2024,9,TEN,NE,20,17,233,185,167,110,1,3,0
2024,9,CAR,NO,23,22,166,230,80,197,1,0,0
2024,9,KC,TB,30,24,260,189,124,95,1,0,0
2024,9,NYG,WAS,22,27,162,209,164,149,1,0,0
2024,10,NO,ATL,20,17,269,287,96,181,0,1,0
2024,10,IND,BUF,20,30,240,280,121,135,4,2,0
2024,10,BAL,CIN,35,34,290,421,99,49,0,1,0
2024,10,KC,DEN,16,14,243,182,57,78,0,0,0
2024,10,HOU,DET,23,26,192,240,56,105,2,5,0
2024,10,LA,MIA,15,23,257,171,70,67,2,2,0
2024,10,JAX,MIN,7,12,87,233,56,169,3,3,0
2024,10,CHI,NE,3,19,69,184,73,144,0,1,0
2024,10,CAR,NYG,20,17,118,175,188,167,1,3,0
2024,10,ARI,NYJ,31,6,259,128,147,79,0,1,0
2024,10,DAL,PHI,6,34,49,161,97,187,5,2,0
2024,10,WAS,PIT,27,28,182,172,60,140,0,3,0
2024,10,TB,SF,20,23,105,338,110,75,1,0,0
2024,10,LAC,TEN,27,17,164,157,145,132,0,0,0
2024,11,DEN,ATL,38,6,295,176,105,50,0,1,0
2024,11,PIT,BAL,18,16,181,205,122,124,1,3,0
2024,11,LAC,CIN,34,27,280,342,155,110,1,0,0
2024,11,NO,CLE,35,14,259,377,214,66,2,0,0
2024,11,CHI,GB,19,20,212,260,179,106,0,1,0
2024,11,DAL,HOU,10,34,324,250,64,141,2,1,0
2024,11,NYJ,IND,27,28,162,241,91,91,0,1,0
2024,11,DET,JAX,52,6,449,129,196,41,0,1,0
2024,11,BUF,KC,30,21,262,181,104,78,1,2,0
2024,11,NE,LA,22,28,257,295,125,107,2,0,0
2024,11,MIA,LV,34,19,271,268,82,60,0,1,0
2024,11,TEN,MIN,13,23,261,236,33,82,1,1,0
2024,11,SF,SEA,17,20,146,195,131,94,1,1,0
2024,11,PHI,WAS,26,18,206,171,228,93,0,1,0
2024,12,SEA,ARI,16,6,220,249,65,49,1,1,0
2024,12,LAC,BAL,23,30,202,177,83,212,0,0,0
2024,12,WAS,DAL,26,34,267,241,145,91,3,1,0
2024,12,LV,DEN,19,29,300,262,69,63,2,0,0
2024,12,IND,DET,6,24,172,253,96,137,0,0,0
2024,12,CAR,KC,27,30,249,226,85,165,0,0,0
2024,12,CHI,MIN,27,30,320,328,78,124,0,2,0
2024,12,MIA,NE,34,15,308,183,65,86,1,2,0
2024,12,LA,PHI,20,37,198,167,92,314,1,0,0
2024,12,CLE,PIT,24,19,219,248,85,120,3,1,0
2024,12,GB,SF,38,10,156,197,169,44,0,3,0
2024,12,NYG,TB,7,30,169,294,76,157,1,1,0
2024,12,HOU,TEN,27,32,220,237,40,132,3,2,0
2024,13,MIN,ARI,23,22,205,252,68,154,1,2,0
2024,13,DET,CHI,23,20,211,223,194,78,1,0,0
2024,13,DEN,CLE,41,32,294,475,106,77,2,3,0
2024,13,JAX,HOU,20,23,276,218,97,108,1,0,0
2024,13,NE,IND,24,25,222,109,200,144,1,2,0
2024,13,ATL,LAC,13,17,234,131,116,56,4,1,0
2024,13,NO,LA,14,21,184,166,143,156,0,0,0
2024,13,KC,LV,19,17,266,318,63,116,0,1,0
2024,13,GB,MIA,30,17,274,336,114,39,1,0,0
2024,13,DAL,NYG,27,20,195,131,122,116,0,2,0
2024,13,BAL,PHI,19,24,206,112,166,140,0,0,0
2024,13,CIN,PIT,38,44,282,410,93,110,3,1,0
2024,13,NYJ,SEA,21,26,169,175,89,84,2,2,0
2024,13,BUF,SF,35,10,152,86,220,153,0,3,0
2024,13,CAR,TB,23,26,289,209,78,236,1,2,0
2024,13,WAS,TEN,42,19,196,210,267,35,1,2,0
2024,14,MIN,ATL,42,21,318,338,115,158,0,3,0
2024,14,LA,BUF,44,42,320,342,137,103,0,0,0
2024,14,PHI,CAR,22,16,83,184,209,118,0,1,0
2024,14,SF,CHI,38,13,321,94,131,68,1,1,0
2024,14,DAL,CIN,20,27,166,359,156,74,1,2,0
2024,14,PIT,CLE,27,14,147,196,120,104,2,2,0
2024,14,DET,GB,34,31,280,199,111,99,1,1,0
2024,14,TEN,JAX,6,10,146,220,126,71,0,2,0
2024,14,KC,LAC,19,17,202,194,96,94,0,0,0
2024,14,TB,LV,28,13,268,195,152,91,3,2,0
2024,14,NYG,NO,11,14,213,200,112,92,1,1,0
2024,14,MIA,NYJ,32,26,331,319,44,83,0,0,0
2024,14,ARI,SEA,18,30,235,233,121,176,2,0,0
2024,15,LV,ATL,9,15,184,93,65,168,3,1,0
2024,15,NYG,BAL,14,35,181,275,55,170,1,1,0
2024,15,DET,BUF,42,48,473,362,48,197,1,0,0
2024,15,MIN,CHI,30,12,215,171,114,113,1,1,0
2024,15,TEN,CIN,27,37,291,269,83,101,6,3,0
2024,15,CAR,DAL,14,30,175,199,60,211,4,1,0
2024,15,SEA,GB,13,30,128,229,80,140,2,1,0
2024,15,DEN,IND,31,13,121,161,72,149,3,5,0
2024,15,CLE,KC,7,21,127,179,139,132,5,1,0
2024,15,SF,LA,6,12,128,160,63,142,1,0,0
2024,15,HOU,MIA,20,12,104,172,77,52,1,4,0
2024,15,ARI,NE,30,17,232,195,163,116,0,1,0
2024,15,JAX,NYJ,25,32,285,275,136,125,2,0,0
2024,15,PHI,PIT,27,13,270,107,131,56,1,2,0
2024,15,LAC,TB,17,40,174,283,32,223,2,2,0
2024,15,NO,WAS,19,20,176,189,69,137,1,0,0
2024,16,CAR,ARI,36,30,149,176,243,206,0,2,0
2024,16,CIN,CLE,24,6,210,125,116,148,1,3,0
2024,16,LAC,DEN,34,27,263,245,117,110,1,0,0
2024,16,CHI,DET,17,34,323,329,59,146,2,0,0
2024,16,KC,HOU,27,19,251,227,124,84,0,2,0
2024,16,LV,JAX,19,14,245,236,69,72,0,2,0
2024,16,NYJ,LA,9,19,246,110,75,132,1,2,0
2024,16,SEA,MIN,24,27,302,217,59,81,2,0,0
2024,16,BUF,NE,24,21,152,253,172,126,1,3,0
2024,16,GB,NO,34,0,216,129,188,67,0,2,0
2024,16,ATL,NYG,34,7,202,189,127,45,1,3,0
2024,16,WAS,PHI,36,33,255,127,113,211,5,2,0
2024,16,BAL,PIT,34,17,198,198,220,117,1,2,0
2024,16,MIA,SF,29,17,215,293,166,81,0,1,0
2024,16,DAL,TB,26,24,286,276,31,134,0,2,0
2024,16,IND,TEN,38,30,123,242,335,65,1,3,0
2024,17,LA,ARI,13,9,189,283,68,113,0,2,0
2024,17,WAS,ATL,30,24,196,211,216,126,1,1,0
2024,17,HOU,BAL,2,31,153,181,58,251,1,0,0
2024,17,TB,CAR,48,14,349,165,202,39,0,0,0
2024,17,PHI,DAL,41,7,197,141,179,127,0,4,0
2024,17,CIN,DEN,30,24,384,206,115,123,1,1,0
2024,17,SF,DET,34,40,400,287,75,152,2,0,0
2024,17,MIN,GB,27,25,372,167,69,104,1,1,0
2024,17,NYG,IND,45,33,309,320,80,126,0,3,0
2024,17,PIT,KC,10,29,162,320,202,69,2,0,0
2024,17,NE,LAC,7,40,85,281,96,147,1,0,0
2024,17,NO,LV,10,25,188,232,81,156,2,0,0
2024,17,CLE,MIA,3,20,162,206,114,74,2,0,0
2024,17,BUF,NYJ,40,14,251,169,97,112,0,3,0
2024,17,CHI,SEA,3,6,76,143,103,122,1,1,0
2024,17,JAX,TEN,20,13,173,178,122,159,0,1,0
2024,18,NE,BUF,23,16,232,129,77,130,1,0,0
2024,18,ATL,CAR,38,44,310,270,227,155,1,0,0
2024,18,GB,CHI,22,24,184,141,183,83,2,2,0
2024,18,PIT,CIN,17,19,119,246,74,68,1,2,0
2024,18,BAL,CLE,35,10,217,174,220,56,0,2,0
2024,18,TEN,HOU,14,23,229,167,85,207,1,1,0
2024,18,IND,JAX,26,23,252,206,177,113,0,1,0
2024,18,DEN,KC,38,0,321,71,158,27,0,0,0
2024,18,LV,LAC,20,34,225,336,39,137,1,0,0
2024,18,NYJ,MIA,32,20,257,199,118,135,1,4,0
2024,18,DET,MIN,31,9,216,142,178,120,2,0,0
2024,18,TB,NO,27,19,216,228,179,64,1,0,0
2024,18,PHI,NYG,20,13,252,138,51,100,0,1,0
2024,18,LA,SEA,25,30,319,210,84,126,1,0,0
2024,18,ARI,SF,47,24,242,298,151,138,0,3,0
2024,18,DAL,WAS,19,23,228,156,150,113,1,0,0
2025,1,NO,ARI,13,20,208,130,107,146,0,0,0
2025,1,BUF,BAL,41,40,389,194,108,238,0,1,0
2025,1,JAX,CAR,26,10,178,142,200,113,1,3,0
2025,1,CLE,CIN,16,17,278,95,49,46,2,0,0
2025,1,PHI,DAL,24,20,144,188,158,119,0,1,0
2025,1,GB,DET,27,13,188,200,78,46,0,1,0
2025,1,LA,HOU,14,9,224,151,72,114,1,2,0
2025,1,LAC,KC,27,21,304,249,90,98,0,0,0
2025,1,NE,LV,13,20,276,333,60,56,1,1,0
2025,1,IND,MIA,33,8,262,133,156,78,0,3,0
2025,1,CHI,MIN,24,27,198,134,119,120,1,1,0
2025,1,WAS,NYG,21,6,212,157,220,74,0,0,0
2025,1,NYJ,PIT,32,34,212,218,182,53,1,0,0
2025,1,SEA,SF,13,17,146,265,84,119,2,2,0
2025,1,ATL,TB,20,23,289,159,69,101,0,0,0
2025,1,DEN,TEN,20,12,166,62,151,71,3,3,0
2025,2,MIN,ATL,6,22,120,108,78,218,3,2,0
2025,2,NYJ,BUF,10,30,54,179,100,224,1,0,0
2025,2,ARI,CAR,27,22,211,303,82,49,1,2,0
2025,2,DET,CHI,52,21,334,205,177,134,0,2,0
2025,2,BAL,CLE,41,17,197,207,45,115,0,2,0
2025,2,IND,DEN,29,28,306,206,167,118,0,1,0
2025,2,CIN,JAX,31,27,302,261,48,139,3,2,0
2025,2,LV,LAC,9,20,150,236,68,81,3,1,0
2025,2,TEN,LA,19,33,143,290,109,149,1,1,0
2025,2,MIA,NE,27,33,297,211,61,122,1,0,0
2025,2,DAL,NYG,40,37,343,422,135,84,1,1,0
2025,2,KC,PHI,17,20,173,94,121,122,1,0,0
2025,2,PIT,SEA,17,31,195,278,72,117,2,2,0
2025,2,NO,SF,21,26,186,267,121,77,1,1,0
2025,2,HOU,TB,19,20,182,191,84,169,0,0,0
2025,2,GB,WAS,27,18,269,179,135,51,0,0,0
2025,3,SF,ARI,16,15,282,154,73,106,1,0,0
2025,3,CAR,ATL,30,0,114,201,110,131,0,4,0
2025,3,MIN,CIN,48,10,183,118,169,53,0,5,0
2025,3,CHI,DAL,31,14,298,275,87,121,0,4,0
2025,3,LAC,DEN,23,20,270,147,106,118,2,0,0
2025,3,BAL,DET,30,38,233,202,85,224,1,0,0
2025,3,CLE,GB,13,10,125,149,96,81,1,1,0
2025,3,JAX,HOU,17,10,205,184,86,87,1,3,0
2025,3,TEN,IND,20,41,196,228,86,137,1,0,0
2025,3,NYG,KC,9,22,151,201,130,105,2,0,0
2025,3,PHI,LA,33,26,202,196,86,160,1,1,0
2025,3,WAS,LV,41,24,199,261,201,93,1,0,0
2025,3,BUF,MIA,31,21,203,146,157,130,0,1,0
2025,3,SEA,NO,44,13,233,205,87,79,1,1,0
2025,3,TB,NYJ,29,27,225,168,122,99,0,2,0
2025,3,NE,PIT,14,21,250,139,119,64,5,1,0
2025,4,KC,BAL,37,20,264,194,118,166,0,2,0
2025,4,NE,CAR,42,13,203,197,104,129,0,0,0
2025,4,LV,CHI,24,25,117,202,240,69,4,1,0
2025,4,DEN,CIN,28,3,326,106,186,53,1,0,0
2025,4,DET,CLE,34,10,168,170,109,79,1,3,0
2025,4,DAL,GB,40,40,319,325,117,164,0,1,0
2025,4,LA,IND,27,20,360,248,102,85,1,3,0
2025,4,SF,JAX,21,26,306,174,83,151,4,0,0
2025,4,NYG,LAC,21,18,89,186,161,152,0,2,0
2025,4,PIT,MIN,24,21,182,302,131,70,0,2,0
2025,4,BUF,NO,31,19,191,109,165,189,1,1,0
2025,4,MIA,NYJ,27,21,177,207,123,197,0,3,0
2025,4,TB,PHI,25,31,272,112,104,88,2,0,0
2025,4,ARI,SEA,20,23,164,229,89,155,3,0,0
2025,4,HOU,TEN,26,0,224,93,129,82,0,1,0
2025,4,ATL,WAS,34,27,307,147,128,147,1,1,0
2025,5,NYJ,DAL,22,37,234,236,144,180,1,0,0
2025,5,PHI,DEN,17,21,257,228,45,130,0,0,0
2025,5,CIN,DET,24,37,237,247,85,118,3,1,0
2025,5,BAL,HOU,10,44,163,250,44,167,3,0,0
2025,5,JAX,KC,31,28,210,318,109,158,2,1,0
2025,5,IND,LV,40,6,221,190,96,106,0,2,0
2025,5,CAR,MIA,27,24,179,229,239,19,2,0,0
2025,5,CLE,MIN,17,21,182,252,140,97,0,2,0
2025,5,BUF,NE,20,23,245,267,118,71,3,1,0
2025,5,NO,NYG,26,14,244,199,88,136,0,5,0
2025,5,LA,SF,23,26,378,333,78,74,2,0,0
2025,5,SEA,TB,35,38,341,370,122,56,2,0,0
2025,5,ARI,TEN,21,22,192,249,168,78,2,3,0
2025,5,LAC,WAS,10,27,181,226,155,163,2,1,0
2025,6,IND,ARI,31,27,205,312,150,88,1,1,0
2025,6,ATL,BUF,24,14,233,157,210,134,0,2,0
2025,6,WAS,CHI,24,25,205,236,124,150,3,0,0
2025,6,GB,CIN,27,18,256,213,153,55,1,0,0
2025,6,PIT,CLE,23,9,235,183,100,65,0,0,0
2025,6,CAR,DAL,30,27,194,261,216,31,1,0,0
2025,6,NYJ,DEN,11,13,-10,168,92,78,0,1,0
2025,6,KC,DET,30,17,243,199,112,98,0,0,0
2025,6,MIA,LAC,27,29,204,263,137,140,3,1,0
2025,6,BAL,LA,3,17,117,167,179,74,3,1,0
2025,6,NO,NE,19,25,223,260,73,73,1,0,0
2025,6,NYG,PHI,34,17,194,266,172,73,0,2,0
2025,6,JAX,SEA,12,20,214,286,59,60,0,0,0
2025,6,TB,SF,30,19,248,296,104,67,0,2,0
2025,6,LV,TEN,20,10,158,160,68,65,1,3,0
2025,7,SF,ATL,20,10,150,230,174,62,1,1,0
2025,7,NYJ,CAR,6,13,139,177,81,125,2,0,0
2025,7,ARI,GB,23,27,236,168,94,94,1,0,0
2025,7,SEA,HOU,27,19,198,198,118,56,4,1,0
2025,7,LAC,IND,24,38,391,281,54,117,2,0,0
2025,7,JAX,LA,7,35,264,182,94,89,0,0,0
2025,7,KC,LV,31,0,282,70,152,25,0,1,0
2025,7,CLE,MIA,31,6,102,120,104,99,0,4,0
2025,7,TEN,NE,13,31,216,212,39,175,2,0,0
2025,7,CHI,NO,26,14,164,209,222,44,1,4,0
2025,7,DEN,NYG,33,32,265,268,142,119,0,1,0
2025,7,MIN,PHI,22,28,298,316,89,45,2,0,0
2025,7,CIN,PIT,33,31,328,249,142,147,0,2,0
2025,7,DET,TB,24,9,215,210,164,41,2,2,0
2025,7,DAL,WAS,44,22,257,205,152,136,0,2,0
2025,8,CAR,BUF,9,40,130,165,114,245,3,0,0
2025,8,BAL,CHI,30,16,178,276,177,96,0,1,0
2025,8,NE,CLE,32,13,245,145,177,68,2,2,0
2025,8,DEN,DAL,44,24,247,231,179,108,1,2,0
2025,8,PIT,GB,25,35,202,360,93,94,1,0,0
2025,8,ATL,MIA,10,34,168,197,45,141,1,0,0
2025,8,LAC,MIN,37,10,212,130,207,34,1,1,0
2025,8,PHI,NYG,38,20,151,178,276,68,0,0,0
2025,8,CIN,NYJ,38,39,217,248,181,254,0,0,0
2025,8,HOU,SF,26,15,318,175,157,48,1,1,0
2025,8,NO,TB,3,23,227,124,48,88,4,1,0
2025,8,IND,TEN,38,14,256,228,164,113,0,1,0
2025,8,KC,WAS,28,7,284,200,148,60,2,2,0
2025,9,DAL,ARI,17,27,210,221,123,119,3,0,0
2025,9,NE,ATL,24,23,221,217,110,71,2,0,0
2025,9,MIA,BAL,6,28,245,188,87,150,3,0,0
2025,9,GB,CAR,13,16,265,102,104,163,2,1,0
2025,9,CIN,CHI,42,47,449,293,46,283,3,0,0
2025,9,HOU,DEN,15,18,191,171,77,100,1,1,0
2025,9,PIT,IND,27,20,187,313,38,55,2,5,0
2025,9,LV,JAX,29,30,274,216,57,151,1,1,0
2025,9,BUF,KC,28,21,263,226,141,79,0,1,0
2025,9,TEN,LAC,20,27,118,212,88,131,0,1,0
2025,9,DET,MIN,24,27,240,116,65,142,1,1,0
2025,9,LA,NO,34,10,267,167,171,57,0,2,0
2025,9,WAS,SEA,14,38,133,330,157,88,2,1,0
2025,9,NYG,SF,24,34,179,221,117,159,0,1,0
2025,10,SEA,ARI,44,22,174,206,198,129,3,2,0
2025,10,IND,ATL,31,25,196,150,323,140,2,1,0
2025,10,MIN,BAL,19,27,245,169,120,152,3,0,0
2025,10,MIA,BUF,30,13,173,289,197,87,2,3,0
2025,10,NYJ,CLE,27,20,42,120,127,158,1,0,0
2025,10,WAS,DET,22,44,195,320,93,226,0,0,0
2025,10,HOU,JAX,36,29,282,119,130,94,2,2,0
2025,10,SF,LA,26,42,319,275,74,126,2,0,0
2025,10,DEN,LV,10,7,136,114,84,74,2,1,0
2025,10,TB,NE,23,28,258,269,113,166,0,1,0
2025,10,CAR,NO,7,17,102,266,73,122,3,0,0
2025,10,CHI,NYG,24,20,220,262,171,169,0,1,0
2025,10,GB,PHI,7,10,157,183,104,111,2,1,0
2025,10,LAC,PIT,25,10,199,148,115,73,1,2,0
2025,11,CLE,BAL,16,23,81,167,106,184,2,2,0
2025,11,ATL,CAR,27,30,223,419,125,67,1,0,0
2025,11,MIN,CHI,17,19,150,180,115,140,2,0,0
2025,11,PIT,CIN,34,12,232,192,111,105,0,2,0
2025,11,LV,DAL,16,33,209,267,27,114,1,1,0
2025,11,PHI,DET,16,9,124,243,148,74,0,1,0
2025,11,NYG,GB,20,27,194,168,142,128,2,0,0
2025,11,TEN,HOU,13,16,171,240,58,75,1,0,0
2025,11,DEN,KC,22,19,283,249,59,62,0,1,0
2025,11,JAX,LAC,35,6,153,93,192,42,1,1,0
2025,11,NE,NYJ,27,14,271,105,65,140,0,1,0
2025,11,LA,SEA,21,19,130,279,119,135,1,4,0
2025,11,ARI,SF,22,41,452,186,36,95,3,0,0
2025,11,BUF,TB,44,32,317,165,97,202,2,3,0
2025,11,MIA,WAS,16,13,142,207,169,172,1,1,0
2025,12,NO,ATL,10,24,214,181,79,121,2,1,0
2025,12,HOU,BUF,23,19,153,183,108,143,0,3,0
2025,12,SF,CAR,20,9,193,161,147,69,3,2,0
2025,12,LV,CLE,10,24,208,206,60,64,1,2,0
2025,12,KC,IND,23,20,346,181,148,74,2,0,0
2025,12,ARI,JAX,24,27,271,237,55,134,0,4,0
2025,12,GB,MIN,23,6,142,52,146,93,1,2,0
2025,12,CIN,NE,20,26,187,285,120,107,1,1,0
2025,12,DET,NYG,34,27,257,395,237,122,1,1,0
2025,12,BAL,NYJ,23,10,143,204,98,78,0,2,0
2025,12,DAL,PHI,24,21,348,276,125,63,3,1,0
2025,12,CHI,PIT,31,28,229,159,99,186,2,2,0
2025,12,TEN,SEA,24,30,232,239,64,114,0,0,0
2025,12,LA,TB,34,7,263,70,70,123,0,2,0
2025,13,TB,ARI,20,17,184,291,95,95,0,2,0
2025,13,NYJ,ATL,27,24,159,222,110,167,1,0,0
2025,13,PIT,BUF,7,26,108,123,58,249,2,2,0
2025,13,PHI,CHI,15,24,230,144,87,281,2,1,0
2025,13,BAL,CIN,14,32,223,254,123,128,5,1,0
2025,13,WAS,DEN,26,27,276,315,143,87,1,1,0
2025,13,DET,GB,24,31,233,234,119,125,0,0,0
2025,13,IND,HOU,16,20,195,256,86,108,0,1,0
2025,13,TEN,JAX,3,25,121,202,67,70,2,0,0
2025,13,DAL,KC,31,28,320,243,137,119,1,0,0
2025,13,CAR,LA,31,28,194,227,164,152,0,3,0
2025,13,LAC,LV,31,14,149,125,192,31,1,1,0
2025,13,SEA,MIN,26,0,94,96,125,66,1,6,0
2025,13,MIA,NO,21,17,134,213,164,81,1,2,0
2025,13,NE,NYG,33,15,276,128,119,111,0,1,0
2025,13,CLE,SF,8,26,115,161,138,91,1,1,0
2025,14,GB,CHI,28,21,220,177,117,138,1,1,0
2025,14,BUF,CIN,39,34,233,276,183,62,1,2,0
2025,14,DET,DAL,44,30,299,326,109,91,0,3,0
2025,14,LV,DEN,17,24,189,204,40,152,0,0,0
2025,14,KC,HOU,10,20,148,186,126,82,3,0,0
2025,14,JAX,IND,36,19,247,196,103,89,1,3,0
2025,14,ARI,LA,17,45,263,281,51,249,1,0,0
2025,14,NYJ,MIA,10,34,142,119,65,239,3,0,0
2025,14,TB,NO,20,24,122,121,179,139,1,1,0
2025,14,LAC,PHI,22,19,106,231,169,134,2,5,0
2025,14,BAL,PIT,22,27,203,284,217,34,1,0,0
2025,14,ATL,SEA,9,37,154,236,120,129,3,1,0
2025,14,CLE,TEN,29,31,351,108,61,184,2,1,0
2025,14,MIN,WAS,31,0,151,99,162,107,0,3,0
2025,15,HOU,ARI,40,20,256,235,143,72,0,2,0
2025,15,TB,ATL,28,29,250,365,88,111,1,1,0
2025,15,CIN,BAL,0,24,198,128,100,189,2,1,0
2025,15,NE,BUF,31,35,139,181,246,168,1,0,0
2025,15,NO,CAR,20,17,256,154,81,127,0,1,0
2025,15,CHI,CLE,31,3,219,142,142,50,0,3,0
2025,15,LA,DET,41,34,360,326,159,70,1,0,0
2025,15,DEN,GB,34,26,302,247,89,115,1,2,0
2025,15,SEA,IND,18,16,264,118,50,102,0,1,0
2025,15,KC,LAC,13,16,190,201,49,94,2,1,0
2025,15,PHI,LV,31,0,204,29,183,46,0,1,0
2025,15,PIT,MIA,28,15,201,222,135,63,0,1,0
2025,15,DAL,MIN,26,34,285,250,138,77,0,1,0
2025,15,JAX,NYJ,48,20,330,154,108,130,1,3,0
2025,15,SF,TEN,37,24,292,170,138,136,1,0,0
2025,15,NYG,WAS,21,29,238,195,146,145,1,2,0
2025,16,ARI,ATL,19,26,188,190,132,152,1,2,0
2025,16,CLE,BUF,20,23,134,95,160,164,2,0,0
2025,16,MIA,CIN,21,45,260,302,129,105,3,0,0
2025,16,CHI,GB,22,16,250,192,150,192,0,1,0
2025,16,DEN,JAX,20,34,344,265,101,81,2,0,0
2025,16,TEN,KC,26,9,212,82,164,51,0,0,0
2025,16,DAL,LAC,17,34,249,300,91,152,1,0,0
2025,16,SEA,LA,38,37,244,457,171,124,3,0,0
2025,16,HOU,LV,23,21,187,170,83,145,0,1,0
2025,16,NYG,MIN,13,16,13,126,128,114,1,2,0
2025,16,BAL,NE,24,28,159,374,171,79,2,2,0
2025,16,NO,NYJ,29,6,328,131,84,64,1,2,0
2025,16,WAS,PHI,18,29,130,178,90,207,1,1,0
2025,16,DET,PIT,24,29,346,251,15,230,0,1,0
2025,16,IND,SF,27,48,254,295,58,145,2,1,0
2025,16,CAR,TB,23,20,174,127,101,169,0,1,0
2025,17,CIN,ARI,37,14,309,191,120,42,0,0,0
2025,17,GB,BAL,24,41,284,107,79,307,2,0,0
2025,17,SF,CHI,42,38,296,330,200,110,1,0,0
2025,17,WAS,DAL,23,30,190,269,138,211,0,0,0
2025,17,KC,DEN,13,20,57,175,82,128,0,1,0
2025,17,MIN,DET,23,10,3,163,158,68,0,6,0
2025,17,LAC,HOU,16,20,201,244,74,118,1,2,0
2025,17,IND,JAX,17,23,135,249,69,121,2,2,0
2025,17,ATL,LA,27,24,126,248,219,115,0,3,0
2025,17,NYJ,NE,10,42,143,285,164,155,1,0,0
2025,17,TEN,NO,26,34,228,320,108,103,1,1,0
2025,17,LV,NYG,10,34,168,188,63,155,2,0,0
2025,17,BUF,PHI,12,13,211,108,120,82,1,0,0
2025,17,CLE,PIT,13,6,184,160,78,131,2,0,0
2025,17,CAR,SEA,10,27,40,125,99,163,2,2,0
2025,17,MIA,TB,20,17,153,327,145,53,0,3,0
2025,18,LA,ARI,37,20,252,238,143,79,0,2,0
2025,18,PIT,BAL,26,24,290,222,100,137,0,1,0
2025,18,TB,CAR,16,14,198,266,140,19,1,3,0
2025,18,CIN,CLE,18,20,222,82,142,118,2,1,0
2025,18,NYG,DAL,34,17,219,143,161,143,1,2,0
2025,18,CHI,DET,16,19,205,311,65,122,1,1,0
2025,18,MIN,GB,16,3,226,-7,137,128,1,0,0
2025,18,HOU,IND,38,30,205,278,134,76,0,3,0
2025,18,LV,KC,14,12,86,84,118,84,2,2,0
2025,18,DEN,LAC,19,3,124,104,116,113,0,2,0
2025,18,NE,MIA,38,10,214,117,243,63,0,2,0
2025,18,ATL,NO,19,17,159,232,49,108,1,2,0
2025,18,BUF,NYJ,35,8,259,53,211,69,0,0,0
2025,18,SF,SEA,3,13,120,181,53,180,1,0,0
2025,18,JAX,TEN,41,7,255,117,64,77,0,1,0
2025,18,PHI,WAS,17,24,227,131,80,143,1,2,0
